addressing_method,api_key,auth_type,base_url,category,data_types,docs_url,endpoints,id,is_free,is_valid,name,notes,rate_limit,source,subcategory,type,websocket_support
REST API (Path Parameters),,apiKeyPath,https://mainnet.infura.io/v3/{PROJECT_ID},rpc_nodes,"[""blockchain_data"", ""transaction_data"", ""block_data""]",https://docs.infura.io,,infura_eth_mainnet,True,,Infura Ethereum Mainnet,Free tier: 100K req/day,,crypto_resources_unified_2025-11-11.json,rpc,,False
REST API (Path Parameters),,apiKeyPath,https://sepolia.infura.io/v3/{PROJECT_ID},rpc_nodes,"[""blockchain_data"", ""transaction_data"", ""block_data""]",https://docs.infura.io,,infura_eth_sepolia,False,,Infura Ethereum Sepolia,Testnet,,crypto_resources_unified_2025-11-11.json,rpc,,False
REST API (Path Parameters),,apiKeyPath,https://eth-mainnet.g.alchemy.com/v2/{API_KEY},rpc_nodes,"[""blockchain_data"", ""transaction_data"", ""block_data""]",https://docs.alchemy.com,,alchemy_eth_mainnet,True,,Alchemy Ethereum Mainnet,Free tier: 300M compute units/month,,crypto_resources_unified_2025-11-11.json,rpc,,False
WebSocket,,apiKeyPath,wss://eth-mainnet.g.alchemy.com/v2/{API_KEY},rpc_nodes,"[""general""]",https://docs.alchemy.com,,alchemy_eth_mainnet_ws,False,,Alchemy Ethereum Mainnet WS,WebSocket for real-time,,crypto_resources_unified_2025-11-11.json,websocket,,True
REST API (Query Parameters),,none,https://rpc.ankr.com/eth,rpc_nodes,"[""blockchain_data"", ""transaction_data"", ""block_data""]",https://www.ankr.com/docs,,ankr_eth,True,,Ankr Ethereum,Free: no public limit,,crypto_resources_unified_2025-11-11.json,rpc,,False
REST API (Query Parameters),,none,https://ethereum.publicnode.com,rpc_nodes,"[""blockchain_data"", ""transaction_data"", ""block_data""]",,,publicnode_eth_mainnet,True,,PublicNode Ethereum,Fully free,,crypto_resources_unified_2025-11-11.json,rpc,,False
REST API (Query Parameters),,none,https://ethereum-rpc.publicnode.com,rpc_nodes,"[""blockchain_data"", ""transaction_data"", ""block_data""]",,,publicnode_eth_allinone,True,,PublicNode Ethereum All-in-one,All-in-one endpoint,,crypto_resources_unified_2025-11-11.json,rpc,,False
REST API (Query Parameters),,none,https://cloudflare-eth.com,rpc_nodes,"[""blockchain_data"", ""transaction_data"", ""block_data""]",,,cloudflare_eth,True,,Cloudflare Ethereum,Free,,crypto_resources_unified_2025-11-11.json,rpc,,False
REST API (Query Parameters),,none,https://eth.llamarpc.com,rpc_nodes,"[""blockchain_data"", ""transaction_data"", ""block_data""]",,,llamanodes_eth,True,,LlamaNodes Ethereum,Free,,crypto_resources_unified_2025-11-11.json,rpc,,False
REST API (Query Parameters),,none,https://1rpc.io/eth,rpc_nodes,"[""blockchain_data"", ""transaction_data"", ""block_data""]",,,one_rpc_eth,True,,1RPC Ethereum,Free with privacy,,crypto_resources_unified_2025-11-11.json,rpc,,False
REST API (Query Parameters),,none,https://eth.drpc.org,rpc_nodes,"[""blockchain_data"", ""transaction_data"", ""block_data""]",https://drpc.org,,drpc_eth,True,,dRPC Ethereum,Decentralized,,crypto_resources_unified_2025-11-11.json,rpc,,False
REST API (Query Parameters),,none,https://bsc-dataseed.binance.org,rpc_nodes,"[""blockchain_data"", ""transaction_data"", ""block_data""]",,,bsc_official_mainnet,True,,BSC Official Mainnet,Free,,crypto_resources_unified_2025-11-11.json,rpc,,False
REST API (Query Parameters),,none,https://bsc-dataseed1.defibit.io,rpc_nodes,"[""blockchain_data"", ""transaction_data"", ""block_data""]",,,bsc_official_alt1,True,,BSC Official Alt1,Free alternative,,crypto_resources_unified_2025-11-11.json,rpc,,False
REST API (Query Parameters),,none,https://bsc-dataseed1.ninicoin.io,rpc_nodes,"[""blockchain_data"", ""transaction_data"", ""block_data""]",,,bsc_official_alt2,True,,BSC Official Alt2,Free alternative,,crypto_resources_unified_2025-11-11.json,rpc,,False
REST API (Query Parameters),,none,https://rpc.ankr.com/bsc,rpc_nodes,"[""blockchain_data"", ""transaction_data"", ""block_data""]",,,ankr_bsc,True,,Ankr BSC,Free,,crypto_resources_unified_2025-11-11.json,rpc,,False
REST API (Query Parameters),,none,https://bsc-rpc.publicnode.com,rpc_nodes,"[""blockchain_data"", ""transaction_data"", ""block_data""]",,,publicnode_bsc,True,,PublicNode BSC,Free,,crypto_resources_unified_2025-11-11.json,rpc,,False
REST API (Path Parameters),,apiKeyPath,https://bsc-mainnet.nodereal.io/v1/{API_KEY},rpc_nodes,"[""blockchain_data"", ""transaction_data"", ""block_data""]",https://docs.nodereal.io,,nodereal_bsc,True,,Nodereal BSC,Requires key for higher limits,,crypto_resources_unified_2025-11-11.json,rpc,,False
REST API (Query Parameters),,none,https://api.trongrid.io,rpc_nodes,"[""blockchain_data"", ""transaction_data"", ""block_data""]",https://developers.tron.network/docs,,trongrid_mainnet,True,,TronGrid Mainnet,Free,,crypto_resources_unified_2025-11-11.json,rpc,,False
REST API (Query Parameters),,none,https://api.tronstack.io,rpc_nodes,"[""blockchain_data"", ""transaction_data"", ""block_data""]",,,tronstack_mainnet,True,,TronStack Mainnet,"Free, similar to TronGrid",,crypto_resources_unified_2025-11-11.json,rpc,,False
REST API (Query Parameters),,none,https://api.nileex.io,rpc_nodes,"[""blockchain_data"", ""transaction_data"", ""block_data""]",,,tron_nile_testnet,True,,Tron Nile Testnet,Testnet,,crypto_resources_unified_2025-11-11.json,rpc,,False
REST API (Query Parameters),,none,https://polygon-rpc.com,rpc_nodes,"[""blockchain_data"", ""transaction_data"", ""block_data""]",,,polygon_official_mainnet,True,,Polygon Official Mainnet,Free,,crypto_resources_unified_2025-11-11.json,rpc,,False
REST API (Query Parameters),,none,https://rpc-mumbai.maticvigil.com,rpc_nodes,"[""blockchain_data"", ""transaction_data"", ""block_data""]",,,polygon_mumbai,True,,Polygon Mumbai,Testnet,,crypto_resources_unified_2025-11-11.json,rpc,,False
REST API (Query Parameters),,none,https://rpc.ankr.com/polygon,rpc_nodes,"[""blockchain_data"", ""transaction_data"", ""block_data""]",,,ankr_polygon,True,,Ankr Polygon,Free,,crypto_resources_unified_2025-11-11.json,rpc,,False
REST API (Query Parameters),,none,https://polygon-bor-rpc.publicnode.com,rpc_nodes,"[""blockchain_data"", ""transaction_data"", ""block_data""]",,,publicnode_polygon_bor,True,,PublicNode Polygon Bor,Free,,crypto_resources_unified_2025-11-11.json,rpc,,False
REST API (Query Parameters),SZHYFZK2RR8H9TIMJBVW54V4H81K2Z2KR2,apiKeyQuery,https://api.etherscan.io/api,block_explorers,"[""address_balance"", ""transaction_history"", ""token_data""]",https://docs.etherscan.io,"{""balance"": ""?module=account&action=balance&address={address}&tag=latest&apikey={key}"", ""transactions"": ""?module=account&action=txlist&address={address}&startblock=0&endblock=99999999&sort=asc&apikey={key}"", ""token_balance"": ""?module=account&action=tokenbalance&contractaddress={contract}&address={address}&tag=latest&apikey={key}"", ""gas_price"": ""?module=gastracker&action=gasoracle&apikey={key}""}",etherscan_primary,True,,Etherscan,Rate limit: 5 calls/sec (free tier),5 calls/sec (free tier),"crypto_resources_unified_2025-11-11.json, ultimate_crypto_pipeline_2025_NZasinich.json",primary,,False
REST API (Query Parameters),T6IR8VJHX2NE6ZJW2S3FDVN1TYG4PYYI45,apiKeyQuery,https://api.etherscan.io/api,block_explorers,"[""address_balance"", ""transaction_history"", ""token_data""]",https://docs.etherscan.io,"{""balance"": ""?module=account&action=balance&address={address}&tag=latest&apikey={key}"", ""transactions"": ""?module=account&action=txlist&address={address}&startblock=0&endblock=99999999&sort=asc&apikey={key}"", ""token_balance"": ""?module=account&action=tokenbalance&contractaddress={contract}&address={address}&tag=latest&apikey={key}"", ""gas_price"": ""?module=gastracker&action=gasoracle&apikey={key}""}",etherscan_secondary,False,,Etherscan (secondary key),Backup key for Etherscan,,crypto_resources_unified_2025-11-11.json,fallback,,False
REST API (Query Parameters),,apiKeyQueryOptional,https://api.blockchair.com/ethereum,block_explorers,"[""general""]",https://blockchair.com/api/docs,"{""address_dashboard"": ""/dashboards/address/{address}?key={key}""}",blockchair_ethereum,True,,Blockchair Ethereum,"Free: 1,440 requests/day",,crypto_resources_unified_2025-11-11.json,fallback,,False
REST API (Query Parameters),,none,https://eth.blockscout.com/api,block_explorers,"[""general""]",https://docs.blockscout.com,"{""balance"": ""?module=account&action=balance&address={address}""}",blockscout_ethereum,True,,Blockscout Ethereum,"Open source, no limit",,crypto_resources_unified_2025-11-11.json,fallback,,False
REST API (Query Parameters),freekey,apiKeyQueryOptional,https://api.ethplorer.io,block_explorers,"[""general""]",https://github.com/EverexIO/Ethplorer/wiki/Ethplorer-API,"{""address_info"": ""/getAddressInfo/{address}?apiKey={key}""}",ethplorer,True,,Ethplorer,Free tier limited,,crypto_resources_unified_2025-11-11.json,fallback,,False
REST API (Query Parameters),,none,https://www.etherchain.org/api,block_explorers,"[""general""]",https://www.etherchain.org/documentation/api,,etherchain,True,,Etherchain,Free,,crypto_resources_unified_2025-11-11.json,fallback,,False
REST API (Query Parameters),,none,https://api.chainlens.com,block_explorers,"[""general""]",https://docs.chainlens.com,,chainlens,True,,Chainlens,Free tier available,,crypto_resources_unified_2025-11-11.json,fallback,,False
REST API (Query Parameters),K62RKHGXTDCG53RU4MCG6XABIMJKTN19IT,apiKeyQuery,https://api.bscscan.com/api,block_explorers,"[""address_balance"", ""transaction_history"", ""token_data""]",https://docs.bscscan.com,"{""bnb_balance"": ""?module=account&action=balance&address={address}&apikey={key}"", ""bep20_balance"": ""?module=account&action=tokenbalance&contractaddress={token}&address={address}&apikey={key}"", ""transactions"": ""?module=account&action=txlist&address={address}&apikey={key}""}",bscscan_primary,False,,BscScan,Rate limit: 5 calls/sec,5 calls/sec,"crypto_resources_unified_2025-11-11.json, ultimate_crypto_pipeline_2025_NZasinich.json",primary,,False
GraphQL,,none,https://graphql.bitquery.io,block_explorers,"[""general""]",https://docs.bitquery.io,"{""graphql_example"": ""POST with body: { query: '{ ethereum(network: bsc) { address(address: {is: \""{address}\""}) { balances { currency { symbol } value } } } }' }""}",bitquery_bsc,True,,BitQuery (BSC),Free: 10K queries/month,,crypto_resources_unified_2025-11-11.json,fallback,,False
REST API (Query Parameters),,none,https://rpc.ankr.com/multichain,block_explorers,"[""general""]",https://www.ankr.com/docs/,"{""json_rpc"": ""POST with JSON-RPC body""}",ankr_multichain_bsc,True,,Ankr MultiChain (BSC),Free public endpoints,,crypto_resources_unified_2025-11-11.json,fallback,,False
REST API (Query Parameters),,none,https://api.bsctrace.com,block_explorers,"[""general""]",,,bsctrace,True,,BscTrace,Free limited,,crypto_resources_unified_2025-11-11.json,fallback,,False
REST API (Query Parameters),,none,https://api.1inch.io/v5.0/56,block_explorers,"[""general""]",https://docs.1inch.io,,oneinch_bsc_api,True,,1inch BSC API,"For trading data, free",,crypto_resources_unified_2025-11-11.json,fallback,,False
REST API (Query Parameters),7ae72726-bffe-4e74-9c33-97b761eeea21,apiKeyQuery,https://apilist.tronscanapi.com/api,block_explorers,"[""address_balance"", ""transaction_history"", ""token_data""]",https://github.com/tronscan/tronscan-frontend/blob/dev2019/document/api.md,"{""account"": ""/account?address={address}"", ""transactions"": ""/transaction?address={address}&limit=20"", ""trc20_transfers"": ""/token_trc20/transfers?address={address}"", ""account_resources"": ""/account/detail?address={address}""}",tronscan_primary,False,,TronScan,Rate limit varies,Rate limit varies,crypto_resources_unified_2025-11-11.json,primary,,False
REST API (Query Parameters),,none,https://api.trongrid.io,block_explorers,"[""general""]",https://developers.tron.network/docs,"{""get_account"": ""POST /wallet/getaccount with body: { \""address\"": \""{address}\"", \""visible\"": true }""}",trongrid_explorer,True,,TronGrid (Official),Free public,,crypto_resources_unified_2025-11-11.json,fallback,,False
REST API (Query Parameters),,apiKeyQueryOptional,https://api.blockchair.com/tron,block_explorers,"[""general""]",https://blockchair.com/api/docs,"{""address_dashboard"": ""/dashboards/address/{address}?key={key}""}",blockchair_tron,True,,Blockchair TRON,"Free: 1,440 req/day",,crypto_resources_unified_2025-11-11.json,fallback,,False
REST API (Query Parameters),,none,https://api.tronscan.org/api,block_explorers,"[""address_balance"", ""transaction_history"", ""token_data""]",,,tronscan_api_v2,True,,Tronscan API v2,"Alternative endpoint, similar structure",,crypto_resources_unified_2025-11-11.json,fallback,,False
REST API (Query Parameters),,none,https://go.getblock.io/tron,block_explorers,"[""general""]",https://getblock.io/docs/,,getblock_tron,True,,GetBlock TRON,Free tier available,,crypto_resources_unified_2025-11-11.json,fallback,,False
REST API (Query Parameters),,none,https://api.coingecko.com/api/v3,market_data_apis,"[""general""]",https://www.coingecko.com/en/api/documentation,"{""simple_price"": ""/simple/price?ids={ids}&vs_currencies={fiats}"", ""coin_data"": ""/coins/{id}?localization=false"", ""market_chart"": ""/coins/{id}/market_chart?vs_currency=usd&days=7"", ""global_data"": ""/global"", ""trending"": ""/search/trending"", ""categories"": ""/coins/categories""}",coingecko,True,,CoinGecko,Rate limit: 10-50 calls/min (free),10-50 calls/min (free),crypto_resources_unified_2025-11-11.json,primary_free,,False
REST API (Query Parameters),04cf4b5b-9868-465c-8ba0-9f2e78c92eb1,apiKeyHeader,https://pro-api.coinmarketcap.com/v1,market_data_apis,"[""general""]",https://coinmarketcap.com/api/documentation/v1/,"{""latest_quotes"": ""/cryptocurrency/quotes/latest?symbol={symbol}"", ""listings"": ""/cryptocurrency/listings/latest?limit=100"", ""market_pairs"": ""/cryptocurrency/market-pairs/latest?id=1""}",coinmarketcap_primary_1,True,,CoinMarketCap (key #1),Rate limit: 333 calls/day (free),333 calls/day (free),crypto_resources_unified_2025-11-11.json,fallback_paid,,False
REST API (Query Parameters),b54bcf4d-1bca-4e8e-9a24-22ff2c3d462c,apiKeyHeader,https://pro-api.coinmarketcap.com/v1,market_data_apis,"[""general""]",https://coinmarketcap.com/api/documentation/v1/,"{""latest_quotes"": ""/cryptocurrency/quotes/latest?symbol={symbol}"", ""listings"": ""/cryptocurrency/listings/latest?limit=100"", ""market_pairs"": ""/cryptocurrency/market-pairs/latest?id=1""}",coinmarketcap_primary_2,True,,CoinMarketCap (key #2),Rate limit: 333 calls/day (free),333 calls/day (free),crypto_resources_unified_2025-11-11.json,fallback_paid,,False
REST API (Query Parameters),e79c8e6d4c5b4a3f2e1d0c9b8a7f6e5d4c3b2a1f,apiKeyQuery,https://min-api.cryptocompare.com/data,market_data_apis,"[""general""]",https://min-api.cryptocompare.com/documentation,"{""price_multi"": ""/pricemulti?fsyms={fsyms}&tsyms={tsyms}&api_key={key}"", ""historical"": ""/v2/histoday?fsym={fsym}&tsym={tsym}&limit=30&api_key={key}"", ""top_volume"": ""/top/totalvolfull?limit=10&tsym=USD&api_key={key}""}",cryptocompare,True,,CryptoCompare,Free: 100K calls/month,,crypto_resources_unified_2025-11-11.json,fallback_paid,,False
REST API (Query Parameters),,none,https://api.coinpaprika.com/v1,market_data_apis,"[""general""]",https://api.coinpaprika.com,"{""tickers"": ""/tickers"", ""coin"": ""/coins/{id}"", ""historical"": ""/coins/{id}/ohlcv/historical""}",coinpaprika,True,,Coinpaprika,Rate limit: 20K calls/month,20K calls/month,crypto_resources_unified_2025-11-11.json,fallback_free,,False
REST API (Query Parameters),,none,https://api.coincap.io/v2,market_data_apis,"[""general""]",https://docs.coincap.io,"{""assets"": ""/assets"", ""specific"": ""/assets/{id}"", ""history"": ""/assets/{id}/history?interval=d1""}",coincap,True,,CoinCap,Rate limit: 200 req/min,200 req/min,crypto_resources_unified_2025-11-11.json,fallback_free,,False
REST API (Query Parameters),,apiKeyQuery,https://api.nomics.com/v1,market_data_apis,"[""general""]",https://p.nomics.com/cryptocurrency-bitcoin-api,,nomics,True,,Nomics,No rate limit on free tier,,crypto_resources_unified_2025-11-11.json,fallback_paid,,False
REST API (Query Parameters),,none,https://data.messari.io/api/v1,market_data_apis,"[""general""]",https://messari.io/api/docs,"{""asset_metrics"": ""/assets/{id}/metrics""}",messari,True,,Messari,Generous rate limit,,crypto_resources_unified_2025-11-11.json,fallback_free,,False
REST API (Query Parameters),,apiKeyHeader,https://bravenewcoin.p.rapidapi.com,market_data_apis,"[""general""]",,"{""ohlcv_latest"": ""/ohlcv/BTC/latest""}",bravenewcoin,False,,BraveNewCoin (RapidAPI),Requires RapidAPI key,,crypto_resources_unified_2025-11-11.json,fallback_paid,,False
REST API (Query Parameters),,apiKeyQueryOptional,https://us.market-api.kaiko.io/v2,market_data_apis,"[""general""]",,"{""trades"": ""/data/trades.v1/exchanges/{exchange}/spot/trades?base_token={base}&quote_token={quote}&page_limit=10&api_key={key}""}",kaiko,False,,Kaiko,Fallback,,crypto_resources_unified_2025-11-11.json,fallback,,False
REST API (Query Parameters),,apiKeyQueryOptional,https://rest.coinapi.io/v1,market_data_apis,"[""general""]",,"{""exchange_rate"": ""/exchangerate/{base}/{quote}?apikey={key}""}",coinapi_io,False,,CoinAPI.io,Fallback,,crypto_resources_unified_2025-11-11.json,fallback,,False
REST API (Query Parameters),,none,https://api.coinlore.net/api,market_data_apis,"[""general""]",,,coinlore,True,,CoinLore,Free,,crypto_resources_unified_2025-11-11.json,fallback_free,,False
REST API (Query Parameters),,none,https://coins.llama.fi,market_data_apis,"[""price_data"", ""market_cap"", ""trading_volume"", ""ohlcv""]",,"{""prices_current"": ""/prices/current/{coins}""}",defillama_prices,True,,DefiLlama (Prices),"Free, from crypto_resources.ts",,crypto_resources_unified_2025-11-11.json,market,,False
REST API (Query Parameters),,none,https://api.binance.com,market_data_apis,"[""general""]",,"{""klines"": ""/api/v3/klines?symbol={symbol}&interval={interval}&limit={limit}"", ""ticker"": ""/api/v3/ticker/price?symbol={symbol}""}",binance_public,True,,Binance Public,"Free, from crypto_resources.ts",,crypto_resources_unified_2025-11-11.json,market,,False
REST API (Query Parameters),e79c8e6d4c5b4a3f2e1d0c9b8a7f6e5d4c3b2a1f,apiKeyQuery,https://min-api.cryptocompare.com,market_data_apis,"[""general""]",,"{""histominute"": ""/data/v2/histominute?fsym={fsym}&tsym={tsym}&limit={limit}&api_key={key}"", ""histohour"": ""/data/v2/histohour?fsym={fsym}&tsym={tsym}&limit={limit}&api_key={key}"", ""histoday"": ""/data/v2/histoday?fsym={fsym}&tsym={tsym}&limit={limit}&api_key={key}""}",cryptocompare_market,False,,CryptoCompare,From crypto_resources.ts,,crypto_resources_unified_2025-11-11.json,market,,False
REST API (Query Parameters),,none,https://api.coindesk.com/v2,market_data_apis,"[""price_data"", ""market_cap"", ""trading_volume"", ""ohlcv""]",https://www.coindesk.com/coindesk-api,"{""btc_spot"": ""/prices/BTC/spot?api_key={key}""}",coindesk_price,True,,CoinDesk Price API,From api-config-complete,,crypto_resources_unified_2025-11-11.json,fallback_free,,False
REST API (Query Parameters),,apiKeyHeaderOptional,https://api.mobula.io/api/1,market_data_apis,"[""general""]",https://developer.mobula.fi,,mobula,False,,Mobula API,,,crypto_resources_unified_2025-11-11.json,fallback_paid,,False
REST API (Query Parameters),,apiKeyHeader,https://api.tokenmetrics.com/v2,market_data_apis,"[""general""]",https://api.tokenmetrics.com/docs,,tokenmetrics,False,,Token Metrics API,,,crypto_resources_unified_2025-11-11.json,fallback_paid,,False
REST API (Query Parameters),,none,https://api.freecryptoapi.com,market_data_apis,"[""general""]",,,freecryptoapi,True,,FreeCryptoAPI,,,crypto_resources_unified_2025-11-11.json,fallback_free,,False
REST API (Query Parameters),,none,https://api.diadata.org/v1,market_data_apis,"[""general""]",https://docs.diadata.org,,diadata,True,,DIA Data,,,crypto_resources_unified_2025-11-11.json,fallback_free,,False
REST API (Query Parameters),,none,https://api.coinstats.app/public/v1,market_data_apis,"[""general""]",,,coinstats_public,True,,CoinStats Public API,,,crypto_resources_unified_2025-11-11.json,fallback_free,,False
REST API (Query Parameters),pub_346789abc123def456789ghi012345jkl,apiKeyQuery,https://newsapi.org/v2,news_apis,"[""general""]",https://newsapi.org/docs,"{""everything"": ""/everything?q={q}&apiKey={key}""}",newsapi_org,False,,NewsAPI.org,,,crypto_resources_unified_2025-11-11.json,general_news,,False
REST API (Query Parameters),,apiKeyQueryOptional,https://cryptopanic.com/api/v1,news_apis,"[""general""]",https://cryptopanic.com/developers/api/,"{""posts"": ""/posts/?auth_token={key}""}",cryptopanic,False,,CryptoPanic,,,crypto_resources_unified_2025-11-11.json,primary_crypto_news,,False
REST API (Query Parameters),,apiKeyQueryOptional,https://cryptocontrol.io/api/v1/public,news_apis,"[""general""]",https://cryptocontrol.io/api,"{""news_local"": ""/news/local?language=EN&apiKey={key}""}",cryptocontrol,False,,CryptoControl,,,crypto_resources_unified_2025-11-11.json,crypto_news,,False
REST API (Query Parameters),,none,https://api.coindesk.com/v2,news_apis,"[""general""]",https://www.coindesk.com/coindesk-api,,coindesk_api,True,,CoinDesk API,,,crypto_resources_unified_2025-11-11.json,crypto_news,,False
REST API (Query Parameters),,none,https://api.cointelegraph.com/api/v1,news_apis,"[""general""]",,"{""articles"": ""/articles?lang=en""}",cointelegraph_api,True,,CoinTelegraph API,,,crypto_resources_unified_2025-11-11.json,crypto_news,,False
REST API (Query Parameters),,none,https://api.cryptoslate.com,news_apis,"[""general""]",,"{""news"": ""/news""}",cryptoslate,True,,CryptoSlate API,,,crypto_resources_unified_2025-11-11.json,crypto_news,,False
REST API (Query Parameters),,none,https://api.theblock.co/v1,news_apis,"[""general""]",,"{""articles"": ""/articles""}",theblock_api,True,,The Block API,,,crypto_resources_unified_2025-11-11.json,crypto_news,,False
REST API (Query Parameters),,none,https://api.coinstats.app,news_apis,"[""general""]",,"{""feed"": ""/public/v1/news""}",coinstats_news,True,,CoinStats News,"Free, from crypto_resources.ts",,crypto_resources_unified_2025-11-11.json,news,,False
REST API (Query Parameters),,none,https://cointelegraph.com,news_apis,"[""general""]",,"{""feed"": ""/rss""}",rss_cointelegraph,True,,Cointelegraph RSS,"Free RSS, from crypto_resources.ts",,crypto_resources_unified_2025-11-11.json,news,,False
REST API (Query Parameters),,none,https://www.coindesk.com,news_apis,"[""general""]",,"{""feed"": ""/arc/outboundfeeds/rss/?outputType=xml""}",rss_coindesk,True,,CoinDesk RSS,"Free RSS, from crypto_resources.ts",,crypto_resources_unified_2025-11-11.json,news,,False
REST API (Query Parameters),,none,https://decrypt.co,news_apis,"[""general""]",,"{""feed"": ""/feed""}",rss_decrypt,True,,Decrypt RSS,"Free RSS, from crypto_resources.ts",,crypto_resources_unified_2025-11-11.json,news,,False
REST API (Query Parameters),,none,https://www.coindesk.com/arc/outboundfeeds/rss/,news_apis,"[""general""]",,,coindesk_rss,True,,CoinDesk RSS,,,crypto_resources_unified_2025-11-11.json,rss,,False
REST API (Query Parameters),,none,https://cointelegraph.com/rss,news_apis,"[""general""]",,,cointelegraph_rss,True,,CoinTelegraph RSS,,,crypto_resources_unified_2025-11-11.json,rss,,False
REST API (Query Parameters),,none,https://bitcoinmagazine.com/.rss/full/,news_apis,"[""general""]",,,bitcoinmagazine_rss,True,,Bitcoin Magazine RSS,,,crypto_resources_unified_2025-11-11.json,rss,,False
REST API (Query Parameters),,none,https://decrypt.co/feed,news_apis,"[""general""]",,,decrypt_rss,True,,Decrypt RSS,,,crypto_resources_unified_2025-11-11.json,rss,,False
REST API (Query Parameters),,none,https://api.alternative.me,sentiment_apis,"[""general""]",https://alternative.me/crypto/fear-and-greed-index/,"{""fng"": ""/fng/?limit=1&format=json""}",alternative_me_fng,True,,Alternative.me Fear & Greed,,,crypto_resources_unified_2025-11-11.json,primary_sentiment_index,,False
REST API (Query Parameters),,apiKeyQuery,https://api.lunarcrush.com/v2,sentiment_apis,"[""general""]",https://lunarcrush.com/developers/api,"{""assets"": ""?data=assets&key={key}&symbol={symbol}""}",lunarcrush,False,,LunarCrush,,,crypto_resources_unified_2025-11-11.json,social_sentiment,,False
GraphQL,,apiKeyHeaderOptional,https://api.santiment.net/graphql,sentiment_apis,"[""general""]",https://api.santiment.net/graphiql,"{""graphql"": ""POST with body: { \""query\"": \""{ projects(slug: \\\""{slug}\\\"") { sentimentMetrics { socialVolume, socialDominance } } }\"" }""}",santiment,False,,Santiment GraphQL,,,crypto_resources_unified_2025-11-11.json,onchain_social_sentiment,,False
REST API (Query Parameters),,apiKeyHeader,https://api.thetie.io,sentiment_apis,"[""general""]",https://docs.thetie.io,"{""sentiment"": ""/data/sentiment?symbol={symbol}&interval=1h&apiKey={key}""}",thetie,False,,TheTie.io,,,crypto_resources_unified_2025-11-11.json,news_twitter_sentiment,,False
REST API (Query Parameters),,apiKeyQuery,https://api.cryptoquant.com/v1,sentiment_apis,"[""general""]",https://docs.cryptoquant.com,"{""ohlcv_latest"": ""/ohlcv/latest?symbol={symbol}&token={key}""}",cryptoquant,False,,CryptoQuant,,,crypto_resources_unified_2025-11-11.json,onchain_sentiment,,False
REST API (Query Parameters),,apiKeyQuery,https://api.glassnode.com/v1/metrics/social,sentiment_apis,"[""general""]",https://docs.glassnode.com,"{""mention_count"": ""/mention_count?api_key={key}&a={symbol}""}",glassnode_social,False,,Glassnode Social Metrics,,,crypto_resources_unified_2025-11-11.json,social_metrics,,False
REST API (Query Parameters),,apiKeyQuery,https://api.augmento.ai/v1,sentiment_apis,"[""general""]",,,augmento,False,,Augmento Social Sentiment,,,crypto_resources_unified_2025-11-11.json,social_ai_sentiment,,False
REST API (Query Parameters),,none,https://api.coingecko.com/api/v3,sentiment_apis,"[""general""]",https://www.coingecko.com/en/api/documentation,"{""coin"": ""/coins/{id}?localization=false&tickers=false&market_data=false&community_data=true""}",coingecko_community,True,,CoinGecko Community Data,,,crypto_resources_unified_2025-11-11.json,community_stats,,False
REST API (Query Parameters),,none,https://data.messari.io/api/v1,sentiment_apis,"[""general""]",https://messari.io/api/docs,"{""social_metrics"": ""/assets/{id}/metrics/social""}",messari_social,True,,Messari Social Metrics,,,crypto_resources_unified_2025-11-11.json,social_metrics,,False
REST API (Query Parameters),,none,https://api.alternative.me,sentiment_apis,"[""general""]",,"{""latest"": ""/fng/?limit=1&format=json"", ""history"": ""/fng/?limit=30&format=json""}",altme_fng,True,,Alternative.me F&G,From crypto_resources.ts,,crypto_resources_unified_2025-11-11.json,sentiment,,False
REST API (Query Parameters),,none,https://api.cfgi.io,sentiment_apis,"[""general""]",,"{""latest"": ""/v1/fear-greed""}",cfgi_v1,True,,CFGI API v1,From crypto_resources.ts,,crypto_resources_unified_2025-11-11.json,sentiment,,False
REST API (Query Parameters),,none,https://cfgi.io,sentiment_apis,"[""general""]",,"{""latest"": ""/api""}",cfgi_legacy,True,,CFGI Legacy,From crypto_resources.ts,,crypto_resources_unified_2025-11-11.json,sentiment,,False
REST API (Query Parameters),,apiKeyQuery,https://api.glassnode.com/v1,onchain_analytics_apis,"[""general""]",https://docs.glassnode.com,"{""sopr_ratio"": ""/metrics/indicators/sopr_ratio?api_key={key}""}",glassnode_general,False,,Glassnode,,,crypto_resources_unified_2025-11-11.json,onchain_metrics,,False
REST API (Query Parameters),,apiKeyQuery,https://api.intotheblock.com/v1,onchain_analytics_apis,"[""general""]",,"{""holders_breakdown"": ""/insights/{symbol}/holders_breakdown?key={key}""}",intotheblock,False,,IntoTheBlock,,,crypto_resources_unified_2025-11-11.json,holders_analytics,,False
REST API (Query Parameters),,apiKeyQuery,https://api.nansen.ai/v1,onchain_analytics_apis,"[""general""]",,"{""balances"": ""/balances?chain=ethereum&address={address}&api_key={key}""}",nansen,False,,Nansen,,,crypto_resources_unified_2025-11-11.json,smart_money,,False
REST API (Query Parameters),,none,https://api.thegraph.com/subgraphs/name/uniswap/uniswap-v3,onchain_analytics_apis,"[""general""]",,"{""graphql"": ""POST with query""}",thegraph_subgraphs,True,,The Graph,,,crypto_resources_unified_2025-11-11.json,subgraphs,,False
REST API (Path Parameters),,none,https://api.thegraph.com/subgraphs/name/{org}/{subgraph},onchain_analytics_apis,"[""general""]",https://thegraph.com/docs/,,thegraph_subgraphs,True,,The Graph Subgraphs,,,crypto_resources_unified_2025-11-11.json,primary_onchain_indexer,,False
REST API (Query Parameters),,apiKeyHeader,https://api.dune.com/api/v1,onchain_analytics_apis,"[""general""]",https://docs.dune.com/api-reference/,,dune,False,,Dune Analytics,,,crypto_resources_unified_2025-11-11.json,sql_onchain_analytics,,False
REST API (Query Parameters),,apiKeyQuery,https://api.covalenthq.com/v1,onchain_analytics_apis,"[""general""]",https://www.covalenthq.com/docs/api/,"{""balances_v2"": ""/1/address/{address}/balances_v2/?key={key}""}",covalent,False,,Covalent,,,crypto_resources_unified_2025-11-11.json,multichain_analytics,,False
REST API (Query Parameters),,apiKeyHeader,https://deep-index.moralis.io/api/v2,onchain_analytics_apis,"[""general""]",https://docs.moralis.io,,moralis,False,,Moralis,,,crypto_resources_unified_2025-11-11.json,evm_data,,False
REST API (Path Parameters),,apiKeyPath,https://eth-mainnet.g.alchemy.com/nft/v2/{API_KEY},onchain_analytics_apis,"[""general""]",,,alchemy_nft_api,False,,Alchemy NFT API,,,crypto_resources_unified_2025-11-11.json,nft_metadata,,False
REST API (Path Parameters),,apiKeyPathOptional,https://{YOUR_QUICKNODE_ENDPOINT},onchain_analytics_apis,"[""general""]",,,quicknode_functions,False,,QuickNode Functions,,,crypto_resources_unified_2025-11-11.json,custom_onchain_functions,,False
REST API (Query Parameters),,apiKeyHeader,https://api.transpose.io,onchain_analytics_apis,"[""general""]",,,transpose,False,,Transpose,,,crypto_resources_unified_2025-11-11.json,sql_like_onchain,,False
REST API (Query Parameters),,apiKeyHeaderOptional,https://api.footprint.network,onchain_analytics_apis,"[""general""]",,,footprint_analytics,False,,Footprint Analytics,,,crypto_resources_unified_2025-11-11.json,no_code_analytics,,False
REST API (Query Parameters),,apiKeyHeader,https://api.nansen.ai/v1,onchain_analytics_apis,"[""general""]",https://docs.nansen.ai,,nansen_query,False,,Nansen Query,,,crypto_resources_unified_2025-11-11.json,institutional_onchain,,False
REST API (Query Parameters),,apiKeyQuery,https://api.whale-alert.io/v1,whale_tracking_apis,"[""general""]",https://docs.whale-alert.io,"{""transactions"": ""/transactions?api_key={key}&min_value=1000000&start={ts}&end={ts}""}",whale_alert,False,,Whale Alert,,,crypto_resources_unified_2025-11-11.json,primary_whale_tracking,,False
REST API (Query Parameters),,apiKeyQuery,https://api.arkham.com/v1,whale_tracking_apis,"[""general""]",,"{""transfers"": ""/address/{address}/transfers?api_key={key}""}",arkham,False,,Arkham Intelligence,,,crypto_resources_unified_2025-11-11.json,fallback,,False
REST API (Query Parameters),,none,https://clankapp.com/api,whale_tracking_apis,"[""general""]",https://clankapp.com/api/,,clankapp,True,,ClankApp,,,crypto_resources_unified_2025-11-11.json,fallback_free_whale_tracking,,False
GraphQL,,apiKeyHeader,https://graphql.bitquery.io,whale_tracking_apis,"[""general""]",https://docs.bitquery.io,,bitquery_whales,False,,BitQuery Whale Tracking,,,crypto_resources_unified_2025-11-11.json,graphql_whale_tracking,,False
REST API (Query Parameters),,apiKeyHeader,https://api.nansen.ai/v1,whale_tracking_apis,"[""general""]",https://docs.nansen.ai,,nansen_whales,False,,Nansen Smart Money / Whales,,,crypto_resources_unified_2025-11-11.json,premium_whale_tracking,,False
Unknown,,none,,whale_tracking_apis,"[""general""]",,,dexcheck,True,,DexCheck Whale Tracker,,,crypto_resources_unified_2025-11-11.json,free_wallet_tracking,,False
REST API (Query Parameters),,none,https://api.debank.com,whale_tracking_apis,"[""general""]",,,debank,True,,DeBank,,,crypto_resources_unified_2025-11-11.json,portfolio_whale_watch,,False
REST API (Query Parameters),,apiKeyHeaderOptional,https://api.zerion.io,whale_tracking_apis,"[""general""]",,,zerion,False,,Zerion API,,,crypto_resources_unified_2025-11-11.json,portfolio_tracking,,False
REST API (Query Parameters),,none,https://whalemap.io,whale_tracking_apis,"[""general""]",,,whalemap,True,,Whalemap,,,crypto_resources_unified_2025-11-11.json,btc_whale_analytics,,False
REST API (Query Parameters),,none,https://www.reddit.com/r/CryptoCurrency,community_sentiment_apis,"[""general""]",,"{""new_json"": ""/new.json?limit=10""}",reddit_cryptocurrency_new,True,,Reddit /r/CryptoCurrency (new),,,crypto_resources_unified_2025-11-11.json,community_sentiment,,False
REST API (Query Parameters),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,apiKeyHeaderOptional,https://api-inference.huggingface.co/models/ElKulako/cryptobert,hf_resources,"[""general""]",https://huggingface.co/ElKulako/cryptobert,"{""classify"": ""POST with body: { \""inputs\"": [\""text\""] }""}",hf_model_elkulako_cryptobert,False,,ElKulako/CryptoBERT,For sentiment analysis,,crypto_resources_unified_2025-11-11.json,model,,False
REST API (Query Parameters),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,apiKeyHeaderOptional,https://api-inference.huggingface.co/models/kk08/CryptoBERT,hf_resources,"[""general""]",https://huggingface.co/kk08/CryptoBERT,"{""classify"": ""POST with body: { \""inputs\"": [\""text\""] }""}",hf_model_kk08_cryptobert,False,,kk08/CryptoBERT,For sentiment analysis,,crypto_resources_unified_2025-11-11.json,model,,False
REST API (Query Parameters),,none,https://huggingface.co/datasets/linxy/CryptoCoin/resolve/main,hf_resources,"[""general""]",https://huggingface.co/datasets/linxy/CryptoCoin,"{""csv"": ""/{symbol}_{timeframe}.csv""}",hf_ds_linxy_cryptocoin,True,,linxy/CryptoCoin,26 symbols x 7 timeframes = 182 CSVs,,crypto_resources_unified_2025-11-11.json,dataset,,False
REST API (Query Parameters),,none,https://huggingface.co/datasets/WinkingFace/CryptoLM-Bitcoin-BTC-USDT/resolve/main,hf_resources,"[""general""]",https://huggingface.co/datasets/WinkingFace/CryptoLM-Bitcoin-BTC-USDT,"{""data"": ""/data.csv"", ""1h"": ""/BTCUSDT_1h.csv""}",hf_ds_wf_btc_usdt,True,,WinkingFace/CryptoLM-Bitcoin-BTC-USDT,,,crypto_resources_unified_2025-11-11.json,dataset,,False
REST API (Query Parameters),,none,https://huggingface.co/datasets/WinkingFace/CryptoLM-Ethereum-ETH-USDT/resolve/main,hf_resources,"[""general""]",https://huggingface.co/datasets/WinkingFace/CryptoLM-Ethereum-ETH-USDT,"{""data"": ""/data.csv"", ""1h"": ""/ETHUSDT_1h.csv""}",hf_ds_wf_eth_usdt,True,,WinkingFace/CryptoLM-Ethereum-ETH-USDT,,,crypto_resources_unified_2025-11-11.json,dataset,,False
REST API (Query Parameters),,none,https://huggingface.co/datasets/WinkingFace/CryptoLM-Solana-SOL-USDT/resolve/main,hf_resources,"[""general""]",https://huggingface.co/datasets/WinkingFace/CryptoLM-Solana-SOL-USDT,,hf_ds_wf_sol_usdt,True,,WinkingFace/CryptoLM-Solana-SOL-USDT,,,crypto_resources_unified_2025-11-11.json,dataset,,False
REST API (Query Parameters),,none,https://huggingface.co/datasets/WinkingFace/CryptoLM-Ripple-XRP-USDT/resolve/main,hf_resources,"[""general""]",https://huggingface.co/datasets/WinkingFace/CryptoLM-Ripple-XRP-USDT,,hf_ds_wf_xrp_usdt,True,,WinkingFace/CryptoLM-Ripple-XRP-USDT,,,crypto_resources_unified_2025-11-11.json,dataset,,False
REST API (Query Parameters),,none,https://api.coingecko.com/api/v3/simple/price,free_http_endpoints,"[""price_data"", ""market_cap"", ""trading_volume"", ""ohlcv""]",,,cg_simple_price,True,,CoinGecko Simple Price,no-auth; example: ?ids=bitcoin&vs_currencies=usd,,crypto_resources_unified_2025-11-11.json,,,False
REST API (Query Parameters),,none,https://api.binance.com/api/v3/klines,free_http_endpoints,"[""price_data"", ""market_cap"", ""trading_volume"", ""ohlcv""]",,,binance_klines,True,,Binance Klines,no-auth; example: ?symbol=BTCUSDT&interval=1h&limit=100,,crypto_resources_unified_2025-11-11.json,,,False
REST API (Query Parameters),,none,https://api.alternative.me/fng/,free_http_endpoints,"[""general""]",,,alt_fng,True,,Alternative.me Fear & Greed,no-auth; example: ?limit=1,,crypto_resources_unified_2025-11-11.json,,,False
REST API (Query Parameters),,none,https://www.reddit.com/r/cryptocurrency/top.json,free_http_endpoints,"[""general""]",,,reddit_top,True,,Reddit r/cryptocurrency Top,server-side recommended,,crypto_resources_unified_2025-11-11.json,,,False
REST API (Query Parameters),,none,https://feeds.feedburner.com/CoinDesk,free_http_endpoints,"[""news_articles"", ""headlines"", ""content""]",,,coindesk_rss,True,,CoinDesk RSS,,,crypto_resources_unified_2025-11-11.json,,,False
REST API (Query Parameters),,none,https://huggingface.co/ElKulako/cryptobert,free_http_endpoints,"[""general""]",,,hf_model_elkulako_cryptobert,True,,HF Model: ElKulako/CryptoBERT,,,crypto_resources_unified_2025-11-11.json,,,False
REST API (Query Parameters),,none,https://huggingface.co/kk08/CryptoBERT,free_http_endpoints,"[""general""]",,,hf_model_kk08_cryptobert,True,,HF Model: kk08/CryptoBERT,,,crypto_resources_unified_2025-11-11.json,,,False
REST API (Query Parameters),,none,https://huggingface.co/datasets/linxy/CryptoCoin,free_http_endpoints,"[""general""]",,,hf_ds_linxy_crypto,True,,HF Dataset: linxy/CryptoCoin,,,crypto_resources_unified_2025-11-11.json,,,False
REST API (Query Parameters),,none,https://huggingface.co/datasets/WinkingFace/CryptoLM-Bitcoin-BTC-USDT,free_http_endpoints,"[""general""]",,,hf_ds_wf_btc,True,,HF Dataset: WinkingFace BTC/USDT,,,crypto_resources_unified_2025-11-11.json,,,False
REST API (Query Parameters),,none,https://huggingface.co/datasets/WinkingFace/CryptoLM-Ethereum-ETH-USDT,free_http_endpoints,"[""general""]",,,hf_ds_wf_eth,True,,WinkingFace ETH/USDT,,,crypto_resources_unified_2025-11-11.json,,,False
REST API (Query Parameters),,none,https://huggingface.co/datasets/WinkingFace/CryptoLM-Solana-SOL-USDT,free_http_endpoints,"[""general""]",,,hf_ds_wf_sol,True,,WinkingFace SOL/USDT,,,crypto_resources_unified_2025-11-11.json,,,False
REST API (Query Parameters),,none,https://huggingface.co/datasets/WinkingFace/CryptoLM-Ripple-XRP-USDT,free_http_endpoints,"[""general""]",,,hf_ds_wf_xrp,True,,WinkingFace XRP/USDT,,,crypto_resources_unified_2025-11-11.json,,,False
REST API (Path Parameters),,none,{API_BASE}/hf/ohlcv,local_backend_routes,"[""general""]",,,local_hf_ohlcv,True,,Local: HF OHLCV,Replace {API_BASE} with your local server base URL,,crypto_resources_unified_2025-11-11.json,,,False
REST API (Path Parameters),,none,{API_BASE}/hf/sentiment,local_backend_routes,"[""general""]",,,local_hf_sentiment,True,,Local: HF Sentiment,POST method; Replace {API_BASE} with your local server base URL,,crypto_resources_unified_2025-11-11.json,,,False
REST API (Path Parameters),,none,{API_BASE}/sentiment/fear-greed,local_backend_routes,"[""general""]",,,local_fear_greed,True,,Local: Fear & Greed,Replace {API_BASE} with your local server base URL,,crypto_resources_unified_2025-11-11.json,,,False
REST API (Path Parameters),,none,{API_BASE}/social/aggregate,local_backend_routes,"[""general""]",,,local_social_aggregate,True,,Local: Social Aggregate,Replace {API_BASE} with your local server base URL,,crypto_resources_unified_2025-11-11.json,,,False
REST API (Path Parameters),,none,{API_BASE}/market/quotes,local_backend_routes,"[""general""]",,,local_market_quotes,True,,Local: Market Quotes,Replace {API_BASE} with your local server base URL,,crypto_resources_unified_2025-11-11.json,,,False
REST API (Path Parameters),,none,{API_BASE}/market/klines,local_backend_routes,"[""general""]",,,local_binance_klines,True,,Local: Binance Klines,Replace {API_BASE} with your local server base URL,,crypto_resources_unified_2025-11-11.json,,,False
REST API (Path Parameters),,none,{API_BASE}/health,local_backend_routes,"[""general""]",,,local_health,True,,Local: Health Check,GET method; System health check endpoint,,crypto_resources_unified_2025-11-11.json,,,False
REST API (Path Parameters),,none,{API_BASE}/api/status,local_backend_routes,"[""general""]",,,local_api_status,True,,Local: API Status,GET method; System status overview,,crypto_resources_unified_2025-11-11.json,,,False
REST API (Path Parameters),,none,{API_BASE}/api/stats,local_backend_routes,"[""general""]",,,local_api_stats,True,,Local: API Statistics,GET method; System statistics,,crypto_resources_unified_2025-11-11.json,,,False
REST API (Path Parameters),,none,{API_BASE}/api/market,local_backend_routes,"[""general""]",,,local_api_market,True,,Local: Market Data,GET method; Real-time market data from CoinGecko,,crypto_resources_unified_2025-11-11.json,,,False
REST API (Path Parameters),,none,{API_BASE}/api/market/history,local_backend_routes,"[""general""]",,,local_api_market_history,True,,Local: Market History,"GET method; Price history from database (query params: symbol, limit)",,crypto_resources_unified_2025-11-11.json,,,False
REST API (Path Parameters),,none,{API_BASE}/api/sentiment,local_backend_routes,"[""general""]",,,local_api_sentiment,True,,Local: Sentiment Data,GET method; Fear & Greed Index from Alternative.me,,crypto_resources_unified_2025-11-11.json,,,False
REST API (Path Parameters),,none,{API_BASE}/api/sentiment/analyze,local_backend_routes,"[""general""]",,,local_api_sentiment_analyze,True,,Local: Sentiment Analysis,POST method; Analyze text sentiment using AI models,,crypto_resources_unified_2025-11-11.json,,,False
REST API (Path Parameters),,none,{API_BASE}/api/sentiment/history,local_backend_routes,"[""general""]",,,local_api_sentiment_history,True,,Local: Sentiment History,GET method; Historical sentiment data (query params: hours),,crypto_resources_unified_2025-11-11.json,,,False
REST API (Path Parameters),,none,{API_BASE}/api/news,local_backend_routes,"[""general""]",,,local_api_news,True,,Local: News,GET method; Latest cryptocurrency news,,crypto_resources_unified_2025-11-11.json,,,False
REST API (Path Parameters),,none,{API_BASE}/api/news/analyze,local_backend_routes,"[""general""]",,,local_api_news_analyze,True,,Local: News Analysis,POST method; Analyze news article sentiment,,crypto_resources_unified_2025-11-11.json,,,False
REST API (Path Parameters),,none,{API_BASE}/api/news/latest,local_backend_routes,"[""general""]",,,local_api_news_latest,True,,Local: Latest News,GET method; Latest news articles,,crypto_resources_unified_2025-11-11.json,,,False
REST API (Path Parameters),,none,{API_BASE}/api/resources,local_backend_routes,"[""general""]",,,local_api_resources,True,,Local: Resources Summary,GET method; Resources summary for dashboard,,crypto_resources_unified_2025-11-11.json,,,False
REST API (Path Parameters),,none,{API_BASE}/api/resources/apis,local_backend_routes,"[""general""]",,,local_api_resources_apis,True,,Local: API Registry,GET method; API registry metadata,,crypto_resources_unified_2025-11-11.json,,,False
REST API (Path Parameters),,none,{API_BASE}/api/resources/apis/raw,local_backend_routes,"[""general""]",,,local_api_resources_apis_raw,True,,Local: API Registry Raw,GET method; Raw API registry JSON,,crypto_resources_unified_2025-11-11.json,,,False
REST API (Path Parameters),,none,{API_BASE}/api/resources/search,local_backend_routes,"[""general""]",,,local_api_resources_search,True,,Local: Resource Search,"GET method; Search resources (query params: q, source)",,crypto_resources_unified_2025-11-11.json,,,False
REST API (Path Parameters),,none,{API_BASE}/api/trending,local_backend_routes,"[""general""]",,,local_api_trending,True,,Local: Trending Coins,GET method; Trending cryptocurrencies,,crypto_resources_unified_2025-11-11.json,,,False
REST API (Path Parameters),,none,{API_BASE}/api/providers,local_backend_routes,"[""general""]",,,local_api_providers,True,,Local: Providers List,GET method; List all providers,,crypto_resources_unified_2025-11-11.json,,,False
REST API (Path Parameters),,none,{API_BASE}/api/providers/{provider_id},local_backend_routes,"[""general""]",,,local_api_providers_id,True,,Local: Provider by ID,GET method; Get provider details by ID,,crypto_resources_unified_2025-11-11.json,,,False
REST API (Path Parameters),,none,{API_BASE}/api/providers/category/{category},local_backend_routes,"[""general""]",,,local_api_providers_category,True,,Local: Providers by Category,GET method; Get providers filtered by category,,crypto_resources_unified_2025-11-11.json,,,False
REST API (Path Parameters),,none,{API_BASE}/api/providers/health-summary,local_backend_routes,"[""general""]",,,local_api_providers_health_summary,True,,Local: Providers Health Summary,GET method; Health summary for all providers,,crypto_resources_unified_2025-11-11.json,,,False
REST API (Path Parameters),,none,{API_BASE}/api/pools,local_backend_routes,"[""general""]",,,local_api_pools,True,,Local: Source Pools,GET method; List all source pools,,crypto_resources_unified_2025-11-11.json,,,False
REST API (Path Parameters),,none,{API_BASE}/api/pools/{pool_id},local_backend_routes,"[""general""]",,,local_api_pools_id,True,,Local: Pool by ID,GET method; Get pool details by ID,,crypto_resources_unified_2025-11-11.json,,,False
REST API (Path Parameters),,none,{API_BASE}/api/pools/{pool_id}/members,local_backend_routes,"[""general""]",,,local_api_pools_members,True,,Local: Add Pool Member,POST method; Add provider to pool,,crypto_resources_unified_2025-11-11.json,,,False
REST API (Path Parameters),,none,{API_BASE}/api/pools/{pool_id}/rotate,local_backend_routes,"[""general""]",,,local_api_pools_rotate,True,,Local: Rotate Pool,POST method; Trigger manual rotation,,crypto_resources_unified_2025-11-11.json,,,False
REST API (Path Parameters),,none,{API_BASE}/api/pools/{pool_id}/failover,local_backend_routes,"[""general""]",,,local_api_pools_failover,True,,Local: Pool Failover,POST method; Trigger failover,,crypto_resources_unified_2025-11-11.json,,,False
REST API (Path Parameters),,none,{API_BASE}/api/pools/{pool_id}/history,local_backend_routes,"[""general""]",,,local_api_pools_history,True,,Local: Pool Rotation History,GET method; Get rotation history (query params: limit),,crypto_resources_unified_2025-11-11.json,,,False
REST API (Path Parameters),,none,{API_BASE}/api/crypto/prices,local_backend_routes,"[""price_data"", ""market_cap"", ""trading_volume"", ""ohlcv""]",,,local_api_crypto_prices,True,,Local: Crypto Prices,GET method; Latest prices for all cryptocurrencies (query params: limit),,crypto_resources_unified_2025-11-11.json,,,False
REST API (Path Parameters),,none,{API_BASE}/api/crypto/prices/{symbol},local_backend_routes,"[""price_data"", ""market_cap"", ""trading_volume"", ""ohlcv""]",,,local_api_crypto_prices_symbol,True,,Local: Crypto Price by Symbol,GET method; Latest price for specific cryptocurrency,,crypto_resources_unified_2025-11-11.json,,,False
REST API (Path Parameters),,none,{API_BASE}/api/crypto/history/{symbol},local_backend_routes,"[""price_data"", ""market_cap"", ""trading_volume"", ""ohlcv""]",,,local_api_crypto_history,True,,Local: Crypto Price History,"GET method; Price history (query params: hours, interval)",,crypto_resources_unified_2025-11-11.json,,,False
REST API (Path Parameters),,none,{API_BASE}/api/crypto/market-overview,local_backend_routes,"[""general""]",,,local_api_crypto_market_overview,True,,Local: Market Overview,GET method; Market overview with top cryptocurrencies,,crypto_resources_unified_2025-11-11.json,,,False
REST API (Path Parameters),,none,{API_BASE}/api/crypto/news,local_backend_routes,"[""general""]",,,local_api_crypto_news,True,,Local: Crypto News,"GET method; Latest news (query params: limit, source, sentiment)",,crypto_resources_unified_2025-11-11.json,,,False
REST API (Path Parameters),,none,{API_BASE}/api/crypto/news/{news_id},local_backend_routes,"[""general""]",,,local_api_crypto_news_id,True,,Local: News Article by ID,GET method; Get specific news article,,crypto_resources_unified_2025-11-11.json,,,False
REST API (Path Parameters),,none,{API_BASE}/api/crypto/news/search,local_backend_routes,"[""general""]",,,local_api_crypto_news_search,True,,Local: News Search,"GET method; Search news articles (query params: q, limit)",,crypto_resources_unified_2025-11-11.json,,,False
REST API (Path Parameters),,none,{API_BASE}/api/crypto/sentiment/current,local_backend_routes,"[""general""]",,,local_api_crypto_sentiment_current,True,,Local: Current Sentiment,GET method; Current market sentiment metrics,,crypto_resources_unified_2025-11-11.json,,,False
REST API (Path Parameters),,none,{API_BASE}/api/crypto/sentiment/history,local_backend_routes,"[""general""]",,,local_api_crypto_sentiment_history,True,,Local: Sentiment History,GET method; Sentiment history (query params: hours),,crypto_resources_unified_2025-11-11.json,,,False
REST API (Path Parameters),,none,{API_BASE}/api/crypto/whales/transactions,local_backend_routes,"[""general""]",,,local_api_crypto_whales_transactions,True,,Local: Whale Transactions,"GET method; Recent whale transactions (query params: limit, blockchain, min_amount_usd)",,crypto_resources_unified_2025-11-11.json,,,False
REST API (Path Parameters),,none,{API_BASE}/api/crypto/whales/stats,local_backend_routes,"[""general""]",,,local_api_crypto_whales_stats,True,,Local: Whale Statistics,GET method; Whale activity statistics (query params: hours),,crypto_resources_unified_2025-11-11.json,,,False
REST API (Path Parameters),,none,{API_BASE}/api/crypto/blockchain/gas,local_backend_routes,"[""price_data"", ""market_cap"", ""trading_volume"", ""ohlcv""]",,,local_api_crypto_blockchain_gas,True,,Local: Gas Prices,GET method; Current gas prices for various blockchains,,crypto_resources_unified_2025-11-11.json,,,False
REST API (Path Parameters),,none,{API_BASE}/api/crypto/blockchain/stats,local_backend_routes,"[""general""]",,,local_api_crypto_blockchain_stats,True,,Local: Blockchain Statistics,GET method; Blockchain statistics,,crypto_resources_unified_2025-11-11.json,,,False
REST API (Path Parameters),,none,{API_BASE}/api/status,local_backend_routes,"[""general""]",,,local_api_status,True,,Local: System Status,GET method; Comprehensive system status overview,,crypto_resources_unified_2025-11-11.json,,,False
REST API (Path Parameters),,none,{API_BASE}/api/categories,local_backend_routes,"[""general""]",,,local_api_categories,True,,Local: Category Statistics,GET method; Statistics for all provider categories,,crypto_resources_unified_2025-11-11.json,,,False
REST API (Path Parameters),,none,{API_BASE}/api/providers,local_backend_routes,"[""general""]",,,local_api_providers_list,True,,Local: Providers List (Filtered),"GET method; Provider list with filters (query params: category, status, search)",,crypto_resources_unified_2025-11-11.json,,,False
REST API (Path Parameters),,none,{API_BASE}/api/logs,local_backend_routes,"[""general""]",,,local_api_logs,True,,Local: Connection Logs,"GET method; Query logs with pagination (query params: from, to, provider, status, page, per_page)",,crypto_resources_unified_2025-11-11.json,,,False
REST API (Path Parameters),,none,{API_BASE}/api/logs/recent,local_backend_routes,"[""general""]",,,local_api_logs_recent,True,,Local: Recent Logs,GET method; Recent connection logs,,crypto_resources_unified_2025-11-11.json,,,False
REST API (Path Parameters),,none,{API_BASE}/api/logs/errors,local_backend_routes,"[""general""]",,,local_api_logs_errors,True,,Local: Error Logs,GET method; Error logs only,,crypto_resources_unified_2025-11-11.json,,,False
REST API (Path Parameters),,none,{API_BASE}/api/logs/summary,local_backend_routes,"[""general""]",,,local_api_logs_summary,True,,Local: Logs Summary,GET method; Logs summary statistics,,crypto_resources_unified_2025-11-11.json,,,False
REST API (Path Parameters),,none,{API_BASE}/api/schedule,local_backend_routes,"[""general""]",,,local_api_schedule,True,,Local: Schedule Status,GET method; Schedule status for all providers,,crypto_resources_unified_2025-11-11.json,,,False
REST API (Path Parameters),,none,{API_BASE}/api/schedule/trigger,local_backend_routes,"[""general""]",,,local_api_schedule_trigger,True,,Local: Trigger Health Check,POST method; Trigger immediate health check for provider,,crypto_resources_unified_2025-11-11.json,,,False
REST API (Path Parameters),,none,{API_BASE}/api/freshness,local_backend_routes,"[""general""]",,,local_api_freshness,True,,Local: Data Freshness,GET method; Data freshness information for all providers,,crypto_resources_unified_2025-11-11.json,,,False
REST API (Path Parameters),,none,{API_BASE}/api/failures,local_backend_routes,"[""general""]",,,local_api_failures,True,,Local: Failure Analysis,GET method; Comprehensive failure analysis,,crypto_resources_unified_2025-11-11.json,,,False
REST API (Path Parameters),,none,{API_BASE}/api/rate-limits,local_backend_routes,"[""general""]",,,local_api_rate_limits,True,,Local: Rate Limit Status,GET method; Rate limit status for all providers,GET method; Rate limit status for all providers,crypto_resources_unified_2025-11-11.json,,,False
REST API (Path Parameters),,none,{API_BASE}/api/config/keys,local_backend_routes,"[""general""]",,,local_api_config_keys,True,,Local: API Keys Status,GET method; API key status for all providers,,crypto_resources_unified_2025-11-11.json,,,False
REST API (Path Parameters),,none,{API_BASE}/api/config/keys/test,local_backend_routes,"[""general""]",,,local_api_config_keys_test,True,,Local: Test API Key,POST method; Test an API key by performing health check,,crypto_resources_unified_2025-11-11.json,,,False
REST API (Path Parameters),,none,{API_BASE}/api/charts/health-history,local_backend_routes,"[""general""]",,,local_api_charts_health_history,True,,Local: Health History Chart,GET method; Health history data for charts (query params: hours),,crypto_resources_unified_2025-11-11.json,,,False
REST API (Path Parameters),,none,{API_BASE}/api/charts/compliance,local_backend_routes,"[""general""]",,,local_api_charts_compliance,True,,Local: Compliance History Chart,GET method; Schedule compliance history (query params: days),,crypto_resources_unified_2025-11-11.json,,,False
REST API (Path Parameters),,none,{API_BASE}/api/charts/rate-limit-history,local_backend_routes,"[""general""]",,,local_api_charts_rate_limit_history,True,,Local: Rate Limit History Chart,GET method; Rate limit usage history (query params: hours),GET method; Rate limit usage history (query params: hours),crypto_resources_unified_2025-11-11.json,,,False
REST API (Path Parameters),,none,{API_BASE}/api/charts/freshness-history,local_backend_routes,"[""general""]",,,local_api_charts_freshness_history,True,,Local: Freshness History Chart,GET method; Data freshness history (query params: hours),,crypto_resources_unified_2025-11-11.json,,,False
REST API (Path Parameters),,none,{API_BASE}/api/health,local_backend_routes,"[""general""]",,,local_api_health,True,,Local: API Health Check,GET method; API health check endpoint,,crypto_resources_unified_2025-11-11.json,,,False
REST API (Path Parameters),,none,{API_BASE}/api/models/status,local_backend_routes,"[""general""]",,,local_api_models_status,True,,Local: Models Status,GET method; Hugging Face models status,,crypto_resources_unified_2025-11-11.json,,,False
REST API (Path Parameters),,none,{API_BASE}/api/models/initialize,local_backend_routes,"[""general""]",,,local_api_models_initialize,True,,Local: Initialize Models,POST method; Initialize all models,,crypto_resources_unified_2025-11-11.json,,,False
REST API (Path Parameters),,none,{API_BASE}/api/models/list,local_backend_routes,"[""general""]",,,local_api_models_list,True,,Local: List Models,GET method; List all available models,,crypto_resources_unified_2025-11-11.json,,,False
REST API (Path Parameters),,none,{API_BASE}/api/models/{model_key}/info,local_backend_routes,"[""general""]",,,local_api_models_info,True,,Local: Model Info,GET method; Get information about specific model,,crypto_resources_unified_2025-11-11.json,,,False
REST API (Path Parameters),,none,{API_BASE}/api/models/{model_key}/predict,local_backend_routes,"[""general""]",,,local_api_models_predict,True,,Local: Model Prediction,POST method; Get prediction from model,,crypto_resources_unified_2025-11-11.json,,,False
REST API (Path Parameters),,none,{API_BASE}/api/models/batch/predict,local_backend_routes,"[""general""]",,,local_api_models_batch_predict,True,,Local: Batch Prediction,POST method; Batch predictions from multiple models,,crypto_resources_unified_2025-11-11.json,,,False
REST API (Path Parameters),,none,{API_BASE}/api/models/data/generated,local_backend_routes,"[""general""]",,,local_api_models_data_generated,True,,Local: Generated Data,GET method; Get generated data from models,,crypto_resources_unified_2025-11-11.json,,,False
REST API (Path Parameters),,none,{API_BASE}/api/models/data/stats,local_backend_routes,"[""general""]",,,local_api_models_data_stats,True,,Local: Model Data Statistics,GET method; Statistics about model-generated data,,crypto_resources_unified_2025-11-11.json,,,False
REST API (Path Parameters),,none,{API_BASE}/api/hf/models,local_backend_routes,"[""general""]",,,local_api_hf_models,True,,Local: HF Models,GET method; Hugging Face models information,,crypto_resources_unified_2025-11-11.json,,,False
REST API (Path Parameters),,none,{API_BASE}/api/hf/health,local_backend_routes,"[""general""]",,,local_api_hf_health,True,,Local: HF Health,GET method; Hugging Face models health check,,crypto_resources_unified_2025-11-11.json,,,False
REST API (Path Parameters),,none,{API_BASE}/api/defi,local_backend_routes,"[""general""]",,,local_api_defi,True,,Local: DeFi Data,GET method; DeFi protocol data,,crypto_resources_unified_2025-11-11.json,,,False
REST API (Path Parameters),,none,{API_BASE}/api/ai/summarize,local_backend_routes,"[""general""]",,,local_api_ai_summarize,True,,Local: AI Summarize,POST method; Summarize text using AI models,,crypto_resources_unified_2025-11-11.json,,,False
REST API (Path Parameters),,none,{API_BASE}/api/diagnostics/run,local_backend_routes,"[""general""]",,,local_api_diagnostics_run,True,,Local: Run Diagnostics,POST method; Run system diagnostics,,crypto_resources_unified_2025-11-11.json,,,False
REST API (Path Parameters),,none,{API_BASE}/api/diagnostics/last,local_backend_routes,"[""general""]",,,local_api_diagnostics_last,True,,Local: Last Diagnostics,GET method; Get last diagnostics report,,crypto_resources_unified_2025-11-11.json,,,False
REST API (Path Parameters),,none,{API_BASE}/api/diagnostics/errors,local_backend_routes,"[""general""]",,,local_api_diagnostics_errors,True,,Local: Diagnostics Errors,GET method; Get diagnostics errors,,crypto_resources_unified_2025-11-11.json,,,False
REST API (Path Parameters),,none,{API_BASE}/api/apl/run,local_backend_routes,"[""general""]",,,local_api_apl_run,True,,Local: Run APL,POST method; Run Auto Provider Loader,,crypto_resources_unified_2025-11-11.json,,,False
REST API (Path Parameters),,none,{API_BASE}/api/apl/report,local_backend_routes,"[""general""]",,,local_api_apl_report,True,,Local: APL Report,GET method; Get Auto Provider Loader report,,crypto_resources_unified_2025-11-11.json,,,False
REST API (Path Parameters),,none,{API_BASE}/api/apl/summary,local_backend_routes,"[""general""]",,,local_api_apl_summary,True,,Local: APL Summary,GET method; Get APL summary,,crypto_resources_unified_2025-11-11.json,,,False
REST API (Path Parameters),,none,{API_BASE}/api/providers/auto-discovery-report,local_backend_routes,"[""general""]",,,local_api_providers_auto_discovery,True,,Local: Auto Discovery Report,GET method; Get auto-discovery report,,crypto_resources_unified_2025-11-11.json,,,False
REST API (Path Parameters),,none,{API_BASE}/api/v2/export/{export_type},local_backend_routes,"[""general""]",,,local_api_v2_export,True,,Local: V2 Export,POST method; Export functionality (path param: export_type),,crypto_resources_unified_2025-11-11.json,,,False
REST API (Path Parameters),,none,{API_BASE}/api/v2/backup,local_backend_routes,"[""general""]",,,local_api_v2_backup,True,,Local: V2 Backup,POST method; Backup functionality,,crypto_resources_unified_2025-11-11.json,,,False
REST API (Path Parameters),,none,{API_BASE}/api/v2/import/providers,local_backend_routes,"[""general""]",,,local_api_v2_import_providers,True,,Local: V2 Import Providers,POST method; Import providers,,crypto_resources_unified_2025-11-11.json,,,False
WebSocket,,none,ws://{API_BASE}/ws/live,local_backend_routes,"[""general""]",,,local_ws_live,True,,Local: WebSocket Live,"WebSocket; Real-time updates (status, logs, alerts, pings)",,crypto_resources_unified_2025-11-11.json,,,True
WebSocket,,none,ws://{API_BASE}/ws/master,local_backend_routes,"[""general""]",,,local_ws_master,True,,Local: WebSocket Master,WebSocket; Master endpoint with access to all services,,crypto_resources_unified_2025-11-11.json,,,True
WebSocket,,none,ws://{API_BASE}/ws/all,local_backend_routes,"[""general""]",,,local_ws_all,True,,Local: WebSocket All,WebSocket; Subscribe to all services,,crypto_resources_unified_2025-11-11.json,,,True
WebSocket,,none,ws://{API_BASE}/ws,local_backend_routes,"[""general""]",,,local_ws,True,,Local: WebSocket,WebSocket; General WebSocket endpoint,,crypto_resources_unified_2025-11-11.json,,,True
REST API (Path Parameters),,none,{API_BASE}/ws/stats,local_backend_routes,"[""general""]",,,local_ws_stats,True,,Local: WebSocket Stats,GET method; WebSocket connection statistics,,crypto_resources_unified_2025-11-11.json,,,False
REST API (Path Parameters),,none,{API_BASE}/ws/services,local_backend_routes,"[""general""]",,,local_ws_services,True,,Local: WebSocket Services,GET method; Available WebSocket services,,crypto_resources_unified_2025-11-11.json,,,False
REST API (Path Parameters),,none,{API_BASE}/ws/endpoints,local_backend_routes,"[""general""]",,,local_ws_endpoints,True,,Local: WebSocket Endpoints,GET method; List all WebSocket endpoints,,crypto_resources_unified_2025-11-11.json,,,False
WebSocket,,none,ws://{API_BASE}/ws/data,local_backend_routes,"[""general""]",,,local_ws_data,True,,Local: WebSocket Data,WebSocket; Data collection services,,crypto_resources_unified_2025-11-11.json,,,True
WebSocket,,none,ws://{API_BASE}/ws/market_data,local_backend_routes,"[""general""]",,,local_ws_market_data,True,,Local: WebSocket Market Data,WebSocket; Real-time market data stream,,crypto_resources_unified_2025-11-11.json,,,True
WebSocket,,none,ws://{API_BASE}/ws/whale_tracking,local_backend_routes,"[""general""]",,,local_ws_whale_tracking,True,,Local: WebSocket Whale Tracking,WebSocket; Whale tracking updates,,crypto_resources_unified_2025-11-11.json,,,True
WebSocket,,none,ws://{API_BASE}/ws/news,local_backend_routes,"[""general""]",,,local_ws_news,True,,Local: WebSocket News,WebSocket; News updates stream,,crypto_resources_unified_2025-11-11.json,,,True
WebSocket,,none,ws://{API_BASE}/ws/sentiment,local_backend_routes,"[""general""]",,,local_ws_sentiment,True,,Local: WebSocket Sentiment,WebSocket; Sentiment updates stream,,crypto_resources_unified_2025-11-11.json,,,True
WebSocket,,none,ws://{API_BASE}/ws/monitoring,local_backend_routes,"[""general""]",,,local_ws_monitoring,True,,Local: WebSocket Monitoring,WebSocket; Monitoring services stream,,crypto_resources_unified_2025-11-11.json,,,True
WebSocket,,none,ws://{API_BASE}/ws/health,local_backend_routes,"[""general""]",,,local_ws_health,True,,Local: WebSocket Health,WebSocket; Health checker updates,,crypto_resources_unified_2025-11-11.json,,,True
WebSocket,,none,ws://{API_BASE}/ws/pool_status,local_backend_routes,"[""general""]",,,local_ws_pool_status,True,,Local: WebSocket Pool Status,WebSocket; Pool status updates,,crypto_resources_unified_2025-11-11.json,,,True
WebSocket,,none,ws://{API_BASE}/ws/scheduler_status,local_backend_routes,"[""general""]",,,local_ws_scheduler_status,True,,Local: WebSocket Scheduler Status,WebSocket; Scheduler status updates,,crypto_resources_unified_2025-11-11.json,,,True
WebSocket,,none,ws://{API_BASE}/ws/integration,local_backend_routes,"[""general""]",,,local_ws_integration,True,,Local: WebSocket Integration,WebSocket; Integration services stream,,crypto_resources_unified_2025-11-11.json,,,True
WebSocket,,none,ws://{API_BASE}/ws/huggingface,local_backend_routes,"[""general""]",,,local_ws_huggingface,True,,Local: WebSocket HuggingFace,WebSocket; HuggingFace model updates,,crypto_resources_unified_2025-11-11.json,,,True
WebSocket,,none,ws://{API_BASE}/ws/persistence,local_backend_routes,"[""general""]",,,local_ws_persistence,True,,Local: WebSocket Persistence,WebSocket; Persistence service updates,,crypto_resources_unified_2025-11-11.json,,,True
WebSocket,,none,ws://{API_BASE}/ws/ai,local_backend_routes,"[""general""]",,,local_ws_ai,True,,Local: WebSocket AI,WebSocket; AI service updates,,crypto_resources_unified_2025-11-11.json,,,True
REST API (Path Parameters),,none,https://api.allorigins.win/get?url={TARGET_URL},cors_proxies,"[""general""]",,,allorigins,True,,AllOrigins,"No limit, JSON/JSONP, raw content",,crypto_resources_unified_2025-11-11.json,,,False
REST API (Path Parameters),,none,https://proxy.cors.sh/{TARGET_URL},cors_proxies,"[""general""]",,,cors_sh,True,,CORS.SH,"No rate limit, requires Origin or x-requested-with header",,crypto_resources_unified_2025-11-11.json,,,False
REST API (Path Parameters),,none,https://proxy.corsfix.com/?url={TARGET_URL},cors_proxies,"[""general""]",,,corsfix,True,,Corsfix,"60 req/min free, header override, cached",,crypto_resources_unified_2025-11-11.json,,,False
REST API (Path Parameters),,none,https://api.codetabs.com/v1/proxy?quest={TARGET_URL},cors_proxies,"[""general""]",,,codetabs,True,,CodeTabs,Popular,,crypto_resources_unified_2025-11-11.json,,,False
REST API (Path Parameters),,none,https://thingproxy.freeboard.io/fetch/{TARGET_URL},cors_proxies,"[""general""]",,,thingproxy,True,,ThingProxy,"10 req/sec, 100,000 chars limit",,crypto_resources_unified_2025-11-11.json,,,False
REST API (Path Parameters),,none,https://crossorigin.me/{TARGET_URL},cors_proxies,"[""general""]",,,crossorigin_me,True,,Crossorigin.me,"GET only, 2MB limit",,crypto_resources_unified_2025-11-11.json,,,False
REST API (Path Parameters),,none,{YOUR_DEPLOYED_URL},cors_proxies,"[""general""]",https://github.com/Rob--W/cors-anywhere,,cors_anywhere_selfhosted,True,,Self-Hosted CORS-Anywhere,"Deploy on Cloudflare Workers, Vercel, Heroku",,crypto_resources_unified_2025-11-11.json,,,False
REST API,,none,https://eth.blockscout.com/api,Block Explorer,"[""Block Explorer""]",,/v2/addresses/{address},Block Explorer_blockscout_(free),True,,Blockscout (Free),"Open-source explorer for ETH/BSC, unlimited free.",Unlimited,ultimate_crypto_pipeline_2025_NZasinich.json,,,False
REST API,,none,https://www.etherchain.org/api,Block Explorer,"[""Block Explorer""]",,,Block Explorer_etherchain_(free),True,,Etherchain (Free),ETH balances/transactions.,,ultimate_crypto_pipeline_2025_NZasinich.json,,,False
REST API,,none,https://api.chainlens.com,Block Explorer,"[""Block Explorer""]",,,Block Explorer_chainlens_(free_tier),True,,Chainlens (Free tier),Multi-chain explorer.,,ultimate_crypto_pipeline_2025_NZasinich.json,,,False
REST API,,none,https://api.ethplorer.io,Block Explorer,"[""Block Explorer""]",,/getAddressInfo/{address}?apiKey=freekey,Block Explorer_ethplorer_(free),True,,Ethplorer (Free),ETH tokens.,,ultimate_crypto_pipeline_2025_NZasinich.json,,,False
REST API,,none,https://api.blockcypher.com/v1,Block Explorer,"[""Block Explorer""]",,,Block Explorer_blockcypher_(free),True,,BlockCypher (Free),BTC/ETH multi.,3/sec,ultimate_crypto_pipeline_2025_NZasinich.json,,,False
REST API,7ae72726-bffe-4e74-9c33-97b761eeea21,apiKey,https://api.tronscan.org/api,Block Explorer,"[""Block Explorer""]",,,Block Explorer_tronscan,False,,TronScan,TRON accounts.,,ultimate_crypto_pipeline_2025_NZasinich.json,,,False
REST API,,none,https://api.trongrid.io,Block Explorer,"[""Block Explorer""]",,,Block Explorer_trongrid_(free),True,,TronGrid (Free),TRON RPC.,,ultimate_crypto_pipeline_2025_NZasinich.json,,,False
REST API,,none,https://api.blockchair.com/tron,Block Explorer,"[""Block Explorer""]",,,Block Explorer_blockchair_(tron_free),True,,Blockchair (TRON Free),Multi incl TRON.,1440/day,ultimate_crypto_pipeline_2025_NZasinich.json,,,False
REST API,,none,https://rpc.ankr.com/bsc,Block Explorer,"[""Block Explorer""]",,,Block Explorer_ankrscan_(bsc_free),True,,AnkrScan (BSC Free),BSC RPC.,,ultimate_crypto_pipeline_2025_NZasinich.json,,,False
REST API,,none,https://api.bintools.io/bsc,Block Explorer,"[""Block Explorer""]",,,Block Explorer_bintools_(bsc_free),True,,BinTools (BSC Free),BSC tools.,,ultimate_crypto_pipeline_2025_NZasinich.json,,,False
REST API,T6IR8VJHX2NE6ZJW2S3FDVN1TYG4PYYI45,apiKey,https://api.etherscan.io/api,Block Explorer,"[""Block Explorer""]",,,Block Explorer_etherscan_backup,False,,Etherscan Backup,ETH backup.,,ultimate_crypto_pipeline_2025_NZasinich.json,,,False
REST API,,none,https://mainnet.infura.io/v3,Block Explorer,"[""Block Explorer""]",,,Block Explorer_infura_(eth_free_tier),True,,Infura (ETH Free tier),ETH RPC.,100k/day,ultimate_crypto_pipeline_2025_NZasinich.json,,,False
REST API,,none,https://eth-mainnet.alchemyapi.io/v2,Block Explorer,"[""Block Explorer""]",,,Block Explorer_alchemy_(eth_free),True,,Alchemy (ETH Free),ETH RPC.,300/sec,ultimate_crypto_pipeline_2025_NZasinich.json,,,False
REST API,,none,https://api.covalenthq.com/v1/1,Block Explorer,"[""Block Explorer""]",,,Block Explorer_covalent_(eth_free),True,,Covalent (ETH Free),Balances.,100/min,ultimate_crypto_pipeline_2025_NZasinich.json,,,False
REST API,,none,https://deep-index.moralis.io/api/v2,Block Explorer,"[""Block Explorer""]",,,Block Explorer_moralis_(free_tier),True,,Moralis (Free tier),Multi-chain API.,,ultimate_crypto_pipeline_2025_NZasinich.json,,,False
REST API,,none,https://node-api.chainstack.com,Block Explorer,"[""Block Explorer""]",,,Block Explorer_chainstack_(free_tier),True,,Chainstack (Free tier),RPC for ETH/BSC.,,ultimate_crypto_pipeline_2025_NZasinich.json,,,False
REST API,,none,https://api.quicknode.com,Block Explorer,"[""Block Explorer""]",,,Block Explorer_quicknode_(free_tier),True,,QuickNode (Free tier),Multi-chain RPC.,,ultimate_crypto_pipeline_2025_NZasinich.json,,,False
REST API,,none,https://eth-mainnet.public.blastapi.io,Block Explorer,"[""Block Explorer""]",,,Block Explorer_blastapi_(free),True,,BlastAPI (Free),Public ETH RPC.,,ultimate_crypto_pipeline_2025_NZasinich.json,,,False
REST API,,none,https://ethereum.publicnode.com,Block Explorer,"[""Block Explorer""]",,,Block Explorer_publicnode_(free),True,,PublicNode (Free),Public RPCs.,,ultimate_crypto_pipeline_2025_NZasinich.json,,,False
REST API,,none,https://1rpc.io/eth,Block Explorer,"[""Block Explorer""]",,,Block Explorer_1rpc_(free),True,,1RPC (Free),Privacy RPC.,,ultimate_crypto_pipeline_2025_NZasinich.json,,,False
REST API,,none,https://eth.llamarpc.com,Block Explorer,"[""Block Explorer""]",,,Block Explorer_llamanodes_(free),True,,LlamaNodes (Free),Public ETH.,,ultimate_crypto_pipeline_2025_NZasinich.json,,,False
REST API,,none,https://eth.drpc.org,Block Explorer,"[""Block Explorer""]",,,Block Explorer_drpc_(free),True,,dRPC (Free),Decentralized RPC.,,ultimate_crypto_pipeline_2025_NZasinich.json,,,False
REST API,,none,https://getblock.io/nodes/eth,Block Explorer,"[""Block Explorer""]",,,Block Explorer_getblock_(free_tier),True,,GetBlock (Free tier),Multi-chain nodes.,,ultimate_crypto_pipeline_2025_NZasinich.json,,,False
REST API,,none,https://api.coinpaprika.com/v1,Market Data,"[""Market Data""]",,,Market Data_coinpaprika_(free),True,,Coinpaprika (Free),Prices/tickers.,,ultimate_crypto_pipeline_2025_NZasinich.json,,,False
REST API,,none,https://rest.coinapi.io/v1,Market Data,"[""Market Data""]",,,Market Data_coinapi_(free_tier),True,,CoinAPI (Free tier),Exchange rates.,100/day,ultimate_crypto_pipeline_2025_NZasinich.json,,,False
REST API,,none,https://min-api.cryptocompare.com/data,Market Data,"[""Market Data""]",,,Market Data_cryptocompare_(free),True,,CryptoCompare (Free),Historical/prices.,,ultimate_crypto_pipeline_2025_NZasinich.json,,,False
REST API,04cf4b5b-9868-465c-8ba0-9f2e78c92eb1,apiKey,https://pro-api.coinmarketcap.com/v1,Market Data,"[""Market Data""]",,,Market Data_coinmarketcap_(user_key),False,,CoinMarketCap (User key),,333/day,ultimate_crypto_pipeline_2025_NZasinich.json,,,False
REST API,,none,https://api.nomics.com/v1,Market Data,"[""Market Data""]",,,Market Data_nomics_(free_tier),True,,Nomics (Free tier),Market data.,,ultimate_crypto_pipeline_2025_NZasinich.json,,,False
REST API,,none,https://api.coinlayer.com,Market Data,"[""Market Data""]",,,Market Data_coinlayer_(free_tier),True,,Coinlayer (Free tier),Live rates.,,ultimate_crypto_pipeline_2025_NZasinich.json,,,False
REST API,,none,https://api.coingecko.com/api/v3,Market Data,"[""Market Data""]",,,Market Data_coingecko_(free),True,,CoinGecko (Free),Comprehensive.,10-30/min,ultimate_crypto_pipeline_2025_NZasinich.json,,,False
REST API,,none,https://www.alphavantage.co/query,Market Data,"[""Market Data""]",,,Market Data_alpha_vantage_(crypto_free),True,,Alpha Vantage (Crypto Free),Crypto ratings/prices.,5/min free,ultimate_crypto_pipeline_2025_NZasinich.json,,,False
REST API,,none,https://api.twelvedata.com,Market Data,"[""Market Data""]",,,Market Data_twelve_data_(free_tier),True,,Twelve Data (Free tier),Real-time prices.,8/min free,ultimate_crypto_pipeline_2025_NZasinich.json,,,False
REST API,,none,https://finnhub.io/api/v1,Market Data,"[""Market Data""]",,,Market Data_finnhub_(crypto_free),True,,Finnhub (Crypto Free),Crypto candles.,60/min free,ultimate_crypto_pipeline_2025_NZasinich.json,,,False
REST API,,none,https://api.polygon.io/v2,Market Data,"[""Market Data""]",,,Market Data_polygon.io_(crypto_free_tier),True,,Polygon.io (Crypto Free tier),Stocks/crypto.,5/min free,ultimate_crypto_pipeline_2025_NZasinich.json,,,False
REST API,,none,https://api.tiingo.com/tiingo/crypto,Market Data,"[""Market Data""]",,,Market Data_tiingo_(crypto_free),True,,Tiingo (Crypto Free),Historical/prices.,,ultimate_crypto_pipeline_2025_NZasinich.json,,,False
REST API,,none,https://data.messari.io/api/v1,Market Data,"[""Market Data""]",,,Market Data_messari_(free_tier),True,,Messari (Free tier),,20/min,ultimate_crypto_pipeline_2025_NZasinich.json,,,False
REST API,,none,https://community-api.coinmetrics.io/v4,Market Data,"[""Market Data""]",,,Market Data_coinmetrics_(free),True,,CoinMetrics (Free),Metrics.,,ultimate_crypto_pipeline_2025_NZasinich.json,,,False
REST API,,none,https://api.llama.fi,Market Data,"[""Market Data""]",,,Market Data_defillama_(free),True,,DefiLlama (Free),DeFi TVL/prices.,,ultimate_crypto_pipeline_2025_NZasinich.json,,,False
REST API,,none,https://api.dune.com/api/v1,Market Data,"[""Market Data""]",,,Market Data_dune_analytics_(free),True,,Dune Analytics (Free),On-chain queries.,,ultimate_crypto_pipeline_2025_NZasinich.json,,,False
REST API,,none,https://graphql.bitquery.io,Market Data,"[""Market Data""]",,,Market Data_bitquery_(free_graphql),True,,BitQuery (Free GraphQL),Blockchain data.,10k/month,ultimate_crypto_pipeline_2025_NZasinich.json,,,False
REST API,,none,https://cryptopanic.com/api/v1,News,"[""News""]",,,News_cryptopanic_(free),True,,CryptoPanic (Free),Crypto news aggregator.,5/min,ultimate_crypto_pipeline_2025_NZasinich.json,,,False
REST API,,none,https://cryptocontrol.io/api/v1/public,News,"[""News""]",,,News_cryptocontrol_(free),True,,CryptoControl (Free),Crypto news.,,ultimate_crypto_pipeline_2025_NZasinich.json,,,False
REST API,,none,https://www.alphavantage.co/query?function=NEWS_SENTIMENT,News,"[""News""]",,,News_alpha_vantage_news_(free),True,,Alpha Vantage News (Free),Sentiment news.,5/min,ultimate_crypto_pipeline_2025_NZasinich.json,,,False
REST API,,none,https://gnews.io/api/v4,News,"[""News""]",,,News_gnews_(free_tier),True,,GNews (Free tier),Global news API.,,ultimate_crypto_pipeline_2025_NZasinich.json,,,False
REST API,,none,https://api.alternative.me/fng,Sentiment,"[""Sentiment""]",,,Sentiment_alternative.me_f&g_(free),True,,Alternative.me F&G (Free),Fear & Greed index.,,ultimate_crypto_pipeline_2025_NZasinich.json,,,False
REST API,,none,https://api.lunarcrush.com/v2,Sentiment,"[""Sentiment""]",,,Sentiment_lunarcrush_(free),True,,LunarCrush (Free),Social metrics.,500/day,ultimate_crypto_pipeline_2025_NZasinich.json,,,False
REST API,,none,https://huggingface.co/ElKulako/cryptobert,Sentiment,"[""Sentiment""]",,,Sentiment_cryptobert_hf_model_(free),True,,CryptoBERT HF Model (Free),Bullish/Bearish/Neutral.,,ultimate_crypto_pipeline_2025_NZasinich.json,,,False
REST API,,none,https://api.glassnode.com/v1,On-Chain,"[""On-Chain""]",,,On-Chain_glassnode_(free_tier),True,,Glassnode (Free tier),Metrics.,,ultimate_crypto_pipeline_2025_NZasinich.json,,,False
REST API,,none,https://api.cryptoquant.com/v1,On-Chain,"[""On-Chain""]",,,On-Chain_cryptoquant_(free_tier),True,,CryptoQuant (Free tier),Network data.,,ultimate_crypto_pipeline_2025_NZasinich.json,,,False
REST API,,none,https://api.whale-alert.io/v1,Whale-Tracking,"[""Whale-Tracking""]",,,Whale-Tracking_whalealert_(primary),True,,WhaleAlert (Primary),Large TXs.,10/min,ultimate_crypto_pipeline_2025_NZasinich.json,,,False
REST API,,none,https://api.arkham.com,Whale-Tracking,"[""Whale-Tracking""]",,,Whale-Tracking_arkham_intelligence_(fallback),True,,Arkham Intelligence (Fallback),Address transfers.,,ultimate_crypto_pipeline_2025_NZasinich.json,,,False
REST API,,none,https://huggingface.co/datasets/sebdg/crypto_data,Dataset,"[""Dataset""]",,,Dataset_sebdg/crypto_data_hf,True,,sebdg/crypto_data HF,OHLCV/indicators.,,ultimate_crypto_pipeline_2025_NZasinich.json,,,False
REST API,,none,https://www.kaggle.com/datasets/pratyushpuri/crypto-market-sentiment-and-price-dataset-2025,Dataset,"[""Dataset""]",,,Dataset_crypto_market_sentiment_kaggle,True,,Crypto Market Sentiment Kaggle,Prices/sentiment.,,ultimate_crypto_pipeline_2025_NZasinich.json,,,False
,7ae72726-bffe-4e74-9c33-97b761eeea21,,,api_keys,,,,api_key_tronscan,,True,TronScan API Key,,,api-config-complete.txt,,authentication,
,K62RKHGXTDCG53RU4MCG6XABIMJKTN19IT,,,api_keys,,,,api_key_bscscan,,True,BscScan API Key,,,api-config-complete.txt,,authentication,
,SZHYFZK2RR8H9TIMJBVW54V4H81K2Z2KR2,,,api_keys,,,,api_key_etherscan,,True,Etherscan API Key,,,api-config-complete.txt,,authentication,
,T6IR8VJHX2NE6ZJW2S3FDVN1TYG4PYYI45,,,api_keys,,,,api_key_etherscan_2,,True,Etherscan_2 API Key,,,api-config-complete.txt,,authentication,
,04cf4b5b-9868-465c-8ba0-9f2e78c92eb1,,,api_keys,,,,api_key_coinmarketcap,,True,CoinMarketCap API Key,,,api-config-complete.txt,,authentication,
,b54bcf4d-1bca-4e8e-9a24-22ff2c3d462c,,,api_keys,,,,api_key_coinmarketcap_2,,True,CoinMarketCap_2 API Key,,,api-config-complete.txt,,authentication,
,pub_346789abc123def456789ghi012345jkl,,,api_keys,,,,api_key_newsapi,,True,NewsAPI API Key,,,api-config-complete.txt,,authentication,
,e79c8e6d4c5b4a3f2e1d0c9b8a7f6e5d4c3b2a1f,,,api_keys,,,,api_key_cryptocompare,,True,CryptoCompare API Key,,,api-config-complete.txt,,authentication,
